progrnumber,actual_stop_id,stop_lat,stop_lon,stop_id,stop_name
1,7073,53.41908134,-6.378265517000001,8240DB007073,"Tyrrelstown, Carlton Hotel"
2,7097,53.420141,-6.384830261,8240DB007097,"Tyrrelstown, French Park"
3,7098,53.42133658,-6.388170322000001,8240DB007098,"Tyrrelstown, Belgree Boulevard"
4,7099,53.4217822,-6.391222908,8240DB007099,"Tyrrelstown, The Boulevard"
5,7100,53.41975887,-6.3918108479999995,8240DB007100,"Tyrrelstown, Rathmore Crescent"
6,7101,53.41825847,-6.387188462999999,8240DB007101,"Ballentree Village, Bealing Village"
7,7505,53.41757908,-6.386130949,8240DB007505,"Tyrrelstown, Bealing Boulevard"
8,5071,53.41096170000001,-6.376017233,8240DB005071,"Corduff (Fingal), Cruiserath Road"
9,5072,53.40930938,-6.3708455939999995,8240DB005072,"Corduff (Fingal), Blanchardstown Corporate Park"
10,4980,53.40421561,-6.372995456,8240DB004980,"Corduff, Blanchardstown Road (Industrial Park)"
11,2289,53.401123,-6.374918145,8240DB002289,"Corduff, Blackcourt Road"
12,1835,53.40001235,-6.37520109,8240DB001835,"Corduff (Fingal), Saint Patrick's Church"
13,1836,53.398012,-6.37153286,8240DB001836,"Corduff, Corduff Estate (Corduff Gardens)"
14,1837,53.39584106,-6.375134452999999,8240DB001837,"Corduff, Corduff Crescent"
15,2338,53.39308467,-6.377991082,8240DB002338,"Blanchardstown, Garnish Square"
18,4323,53.39632886,-6.393912512999999,8240DB004323,"Blanchardstown, Whitestown Grove"
21,1826,53.40590772,-6.395085827000001,8240DB001826,"Mulhuddart, Parslickstown Avenue"
